Workbook

Sheet Mappa
A1: Voto accuratezza (decimi) | B1: Accuratezza (%) | C1: Molto sotto spezzata | D1: Sotto spezzata | E1: Sulla spezzata | F1: Sopra spezzata | G1: Molto sopra spezzata | H1: Quasi sulla retta | I1: Sulla retta (ideale)
A2: 1 | B2: 10 | C2: [Recupero (basi da consolidare) — Disorientamento + false certezze (priorità: ripasso guidato)] Base ancora fragile e sicurezza spesso fuori bersaglio: rischio di 'false certezze'. Riparti dai concetti fondamentali e, quando ti senti molto sicuro, chiediti: «so anche spiegare il perché?» Azioni consigliate: - Ripassa i concetti base (10 minuti) e rifai le domande sbagliate spiegandole ad alta voce. - Quando ti senti 'sicuro', fermati e verifica con un esempio: evita certezze senza prova. | D2: [Recupero (basi da consolidare) — Disorientamento + false certezze (priorità: ripasso guidato)] Base ancora fragile e sicurezza spesso fuori bersaglio: rischio di 'false certezze'. Riparti dai concetti fondamentali e, quando ti senti molto sicuro, chiediti: «so anche spiegare il perché?» Azioni consigliate: - Ripassa i concetti base (10 minuti) e rifai le domande sbagliate spiegandole ad alta voce. - Quando ti senti 'sicuro', fermati e verifica con un esempio: evita certezze senza prova. | E2: [Recupero (basi da consolidare) — Consapevolezza minima (prudenza / poca discriminazione)] Risultato ancora sotto la sufficienza, ma la prudenza è coerente: sai quando non sei sicuro. Buon segnale—ora serve consolidare i fondamentali con studio mirato. Azioni consigliate: - Ripassa i concetti base (10 minuti) e rifai le domande sbagliate spiegandole ad alta voce. - Usa una lista 'so / non so': è meglio dichiarare dubbio e poi studiare mirato. | F2: [Recupero (basi da consolidare) — Buona consapevolezza (discrimini abbastanza bene)] Conoscenza ancora debole, però stai stimando abbastanza bene la tua sicurezza: buona consapevolezza. Usa questo dato per studiare meglio: priorità agli errori più frequenti. Azioni consigliate: - Ripassa i concetti base (10 minuti) e rifai le domande sbagliate spiegandole ad alta voce. - Usa una lista 'so / non so': è meglio dichiarare dubbio e poi studiare mirato. | G2: [Recupero (basi da consolidare) — Buona consapevolezza (discrimini abbastanza bene)] Conoscenza ancora debole, però stai stimando abbastanza bene la tua sicurezza: buona consapevolezza. Usa questo dato per studiare meglio: priorità agli errori più frequenti. Azioni consigliate: - Ripassa i concetti base (10 minuti) e rifai le domande sbagliate spiegandole ad alta voce. - Usa una lista 'so / non so': è meglio dichiarare dubbio e poi studiare mirato. | H2: [Recupero (basi da consolidare) — Consapevolezza alta (calibrazione molto buona)] Anche se il punteggio è basso, la tua calibrazione è ottima: distingui bene ciò che sai da ciò che non sai. Ottimo punto di partenza per recuperare rapidamente. Azioni consigliate: - Ripassa i concetti base (10 minuti) e rifai le domande sbagliate spiegandole ad alta voce. - Usa una lista 'so / non so': è meglio dichiarare dubbio e poi studiare mirato. | I2: [Recupero (basi da consolidare) — Consapevolezza alta (calibrazione molto buona)] Anche se il punteggio è basso, la tua calibrazione è ottima: distingui bene ciò che sai da ciò che non sai. Ottimo punto di partenza per recuperare rapidamente. Azioni consigliate: - Ripassa i concetti base (10 minuti) e rifai le domande sbagliate spiegandole ad alta voce. - Usa una lista 'so / non so': è meglio dichiarare dubbio e poi studiare mirato.
A3: 1.5 | B3: 15 | C3: [Recupero (basi da consolidare) — Disorientamento + false certezze (priorità: ripasso guidato)] Base ancora fragile e sicurezza spesso fuori bersaglio: rischio di 'false certezze'. Riparti dai concetti fondamentali e, quando ti senti molto sicuro, chiediti: «so anche spiegare il perché?» Azioni consigliate: - Ripassa i concetti base (10 minuti) e rifai le domande sbagliate spiegandole ad alta voce. - Quando ti senti 'sicuro', fermati e verifica con un esempio: evita certezze senza prova. | D3: [Recupero (basi da consolidare) — Disorientamento + false certezze (priorità: ripasso guidato)] Base ancora fragile e sicurezza spesso fuori bersaglio: rischio di 'false certezze'. Riparti dai concetti fondamentali e, quando ti senti molto sicuro, chiediti: «so anche spiegare il perché?» Azioni consigliate: - Ripassa i concetti base (10 minuti) e rifai le domande sbagliate spiegandole ad alta voce. - Quando ti senti 'sicuro', fermati e verifica con un esempio: evita certezze senza prova. | E3: [Recupero (basi da consolidare) — Consapevolezza minima (prudenza / poca discriminazione)] Risultato ancora sotto la sufficienza, ma la prudenza è coerente: sai quando non sei sicuro. Buon segnale—ora serve consolidare i fondamentali con studio mirato. Azioni consigliate: - Ripassa i concetti base (10 minuti) e rifai le domande sbagliate spiegandole ad alta voce. - Usa una lista 'so / non so': è meglio dichiarare dubbio e poi studiare mirato. | F3: [Recupero (basi da consolidare) — Buona consapevolezza (discrimini abbastanza bene)] Conoscenza ancora debole, però stai stimando abbastanza bene la tua sicurezza: buona consapevolezza. Usa questo dato per studiare meglio: priorità agli errori più frequenti. Azioni consigliate: - Ripassa i concetti base (10 minuti) e rifai le domande sbagliate spiegandole ad alta voce. - Usa una lista 'so / non so': è meglio dichiarare dubbio e poi studiare mirato. | G3: [Recupero (basi da consolidare) — Buona consapevolezza (discrimini abbastanza bene)] Conoscenza ancora debole, però stai stimando abbastanza bene la tua sicurezza: buona consapevolezza. Usa questo dato per studiare meglio: priorità agli errori più frequenti. Azioni consigliate: - Ripassa i concetti base (10 minuti) e rifai le domande sbagliate spiegandole ad alta voce. - Usa una lista 'so / non so': è meglio dichiarare dubbio e poi studiare mirato. | H3: [Recupero (basi da consolidare) — Consapevolezza alta (calibrazione molto buona)] Anche se il punteggio è basso, la tua calibrazione è ottima: distingui bene ciò che sai da ciò che non sai. Ottimo punto di partenza per recuperare rapidamente. Azioni consigliate: - Ripassa i concetti base (10 minuti) e rifai le domande sbagliate spiegandole ad alta voce. - Usa una lista 'so / non so': è meglio dichiarare dubbio e poi studiare mirato. | I3: [Recupero (basi da consolidare) — Consapevolezza alta (calibrazione molto buona)] Anche se il punteggio è basso, la tua calibrazione è ottima: distingui bene ciò che sai da ciò che non sai. Ottimo punto di partenza per recuperare rapidamente. Azioni consigliate: - Ripassa i concetti base (10 minuti) e rifai le domande sbagliate spiegandole ad alta voce. - Usa una lista 'so / non so': è meglio dichiarare dubbio e poi studiare mirato.
A4: 2 | B4: 20 | C4: [Recupero (basi da consolidare) — Disorientamento + false certezze (priorità: ripasso guidato)] Base ancora fragile e sicurezza spesso fuori bersaglio: rischio di 'false certezze'. Riparti dai concetti fondamentali e, quando ti senti molto sicuro, chiediti: «so anche spiegare il perché?» Azioni consigliate: - Ripassa i concetti base (10 minuti) e rifai le domande sbagliate spiegandole ad alta voce. - Quando ti senti 'sicuro', fermati e verifica con un esempio: evita certezze senza prova. | D4: [Recupero (basi da consolidare) — Disorientamento + false certezze (priorità: ripasso guidato)] Base ancora fragile e sicurezza spesso fuori bersaglio: rischio di 'false certezze'. Riparti dai concetti fondamentali e, quando ti senti molto sicuro, chiediti: «so anche spiegare il perché?» Azioni consigliate: - Ripassa i concetti base (10 minuti) e rifai le domande sbagliate spiegandole ad alta voce. - Quando ti senti 'sicuro', fermati e verifica con un esempio: evita certezze senza prova. | E4: [Recupero (basi da consolidare) — Consapevolezza minima (prudenza / poca discriminazione)] Risultato ancora sotto la sufficienza, ma la prudenza è coerente: sai quando non sei sicuro. Buon segnale—ora serve consolidare i fondamentali con studio mirato. Azioni consigliate: - Ripassa i concetti base (10 minuti) e rifai le domande sbagliate spiegandole ad alta voce. - Usa una lista 'so / non so': è meglio dichiarare dubbio e poi studiare mirato. | F4: [Recupero (basi da consolidare) — Buona consapevolezza (discrimini abbastanza bene)] Conoscenza ancora debole, però stai stimando abbastanza bene la tua sicurezza: buona consapevolezza. Usa questo dato per studiare meglio: priorità agli errori più frequenti. Azioni consigliate: - Ripassa i concetti base (10 minuti) e rifai le domande sbagliate spiegandole ad alta voce. - Usa una lista 'so / non so': è meglio dichiarare dubbio e poi studiare mirato. | G4: [Recupero (basi da consolidare) — Buona consapevolezza (discrimini abbastanza bene)] Conoscenza ancora debole, però stai stimando abbastanza bene la tua sicurezza: buona consapevolezza. Usa questo dato per studiare meglio: priorità agli errori più frequenti. Azioni consigliate: - Ripassa i concetti base (10 minuti) e rifai le domande sbagliate spiegandole ad alta voce. - Usa una lista 'so / non so': è meglio dichiarare dubbio e poi studiare mirato. | H4: [Recupero (basi da consolidare) — Consapevolezza alta (calibrazione molto buona)] Anche se il punteggio è basso, la tua calibrazione è ottima: distingui bene ciò che sai da ciò che non sai. Ottimo punto di partenza per recuperare rapidamente. Azioni consigliate: - Ripassa i concetti base (10 minuti) e rifai le domande sbagliate spiegandole ad alta voce. - Usa una lista 'so / non so': è meglio dichiarare dubbio e poi studiare mirato. | I4: [Recupero (basi da consolidare) — Consapevolezza alta (calibrazione molto buona)] Anche se il punteggio è basso, la tua calibrazione è ottima: distingui bene ciò che sai da ciò che non sai. Ottimo punto di partenza per recuperare rapidamente. Azioni consigliate: - Ripassa i concetti base (10 minuti) e rifai le domande sbagliate spiegandole ad alta voce. - Usa una lista 'so / non so': è meglio dichiarare dubbio e poi studiare mirato.
A5: 2.5 | B5: 25 | C5: [Recupero (basi da consolidare) — Disorientamento + false certezze (priorità: ripasso guidato)] Base ancora fragile e sicurezza spesso fuori bersaglio: rischio di 'false certezze'. Riparti dai concetti fondamentali e, quando ti senti molto sicuro, chiediti: «so anche spiegare il perché?» Azioni consigliate: - Ripassa i concetti base (10 minuti) e rifai le domande sbagliate spiegandole ad alta voce. - Quando ti senti 'sicuro', fermati e verifica con un esempio: evita certezze senza prova. | D5: [Recupero (basi da consolidare) — Disorientamento + false certezze (priorità: ripasso guidato)] Base ancora fragile e sicurezza spesso fuori bersaglio: rischio di 'false certezze'. Riparti dai concetti fondamentali e, quando ti senti molto sicuro, chiediti: «so anche spiegare il perché?» Azioni consigliate: - Ripassa i concetti base (10 minuti) e rifai le domande sbagliate spiegandole ad alta voce. - Quando ti senti 'sicuro', fermati e verifica con un esempio: evita certezze senza prova. | E5: [Recupero (basi da consolidare) — Consapevolezza minima (prudenza / poca discriminazione)] Risultato ancora sotto la sufficienza, ma la prudenza è coerente: sai quando non sei sicuro. Buon segnale—ora serve consolidare i fondamentali con studio mirato. Azioni consigliate: - Ripassa i concetti base (10 minuti) e rifai le domande sbagliate spiegandole ad alta voce. - Usa una lista 'so / non so': è meglio dichiarare dubbio e poi studiare mirato. | F5: [Recupero (basi da consolidare) — Buona consapevolezza (discrimini abbastanza bene)] Conoscenza ancora debole, però stai stimando abbastanza bene la tua sicurezza: buona consapevolezza. Usa questo dato per studiare meglio: priorità agli errori più frequenti. Azioni consigliate: - Ripassa i concetti base (10 minuti) e rifai le domande sbagliate spiegandole ad alta voce. - Usa una lista 'so / non so': è meglio dichiarare dubbio e poi studiare mirato. | G5: [Recupero (basi da consolidare) — Buona consapevolezza (discrimini abbastanza bene)] Conoscenza ancora debole, però stai stimando abbastanza bene la tua sicurezza: buona consapevolezza. Usa questo dato per studiare meglio: priorità agli errori più frequenti. Azioni consigliate: - Ripassa i concetti base (10 minuti) e rifai le domande sbagliate spiegandole ad alta voce. - Usa una lista 'so / non so': è meglio dichiarare dubbio e poi studiare mirato. | H5: [Recupero (basi da consolidare) — Consapevolezza alta (calibrazione molto buona)] Anche se il punteggio è basso, la tua calibrazione è ottima: distingui bene ciò che sai da ciò che non sai. Ottimo punto di partenza per recuperare rapidamente. Azioni consigliate: - Ripassa i concetti base (10 minuti) e rifai le domande sbagliate spiegandole ad alta voce. - Usa una lista 'so / non so': è meglio dichiarare dubbio e poi studiare mirato. | I5: [Recupero (basi da consolidare) — Consapevolezza alta (calibrazione molto buona)] Anche se il punteggio è basso, la tua calibrazione è ottima: distingui bene ciò che sai da ciò che non sai. Ottimo punto di partenza per recuperare rapidamente. Azioni consigliate: - Ripassa i concetti base (10 minuti) e rifai le domande sbagliate spiegandole ad alta voce. - Usa una lista 'so / non so': è meglio dichiarare dubbio e poi studiare mirato.
A6: 3 | B6: 30 | C6: [Recupero (basi da consolidare) — Disorientamento + false certezze (priorità: ripasso guidato)] Base ancora fragile e sicurezza spesso fuori bersaglio: rischio di 'false certezze'. Riparti dai concetti fondamentali e, quando ti senti molto sicuro, chiediti: «so anche spiegare il perché?» Azioni consigliate: - Ripassa i concetti base (10 minuti) e rifai le domande sbagliate spiegandole ad alta voce. - Quando ti senti 'sicuro', fermati e verifica con un esempio: evita certezze senza prova. | D6: [Recupero (basi da consolidare) — Disorientamento + false certezze (priorità: ripasso guidato)] Base ancora fragile e sicurezza spesso fuori bersaglio: rischio di 'false certezze'. Riparti dai concetti fondamentali e, quando ti senti molto sicuro, chiediti: «so anche spiegare il perché?» Azioni consigliate: - Ripassa i concetti base (10 minuti) e rifai le domande sbagliate spiegandole ad alta voce. - Quando ti senti 'sicuro', fermati e verifica con un esempio: evita certezze senza prova. | E6: [Recupero (basi da consolidare) — Consapevolezza minima (prudenza / poca discriminazione)] Risultato ancora sotto la sufficienza, ma la prudenza è coerente: sai quando non sei sicuro. Buon segnale—ora serve consolidare i fondamentali con studio mirato. Azioni consigliate: - Ripassa i concetti base (10 minuti) e rifai le domande sbagliate spiegandole ad alta voce. - Usa una lista 'so / non so': è meglio dichiarare dubbio e poi studiare mirato. | F6: [Recupero (basi da consolidare) — Buona consapevolezza (discrimini abbastanza bene)] Conoscenza ancora debole, però stai stimando abbastanza bene la tua sicurezza: buona consapevolezza. Usa questo dato per studiare meglio: priorità agli errori più frequenti. Azioni consigliate: - Ripassa i concetti base (10 minuti) e rifai le domande sbagliate spiegandole ad alta voce. - Usa una lista 'so / non so': è meglio dichiarare dubbio e poi studiare mirato. | G6: [Recupero (basi da consolidare) — Buona consapevolezza (discrimini abbastanza bene)] Conoscenza ancora debole, però stai stimando abbastanza bene la tua sicurezza: buona consapevolezza. Usa questo dato per studiare meglio: priorità agli errori più frequenti. Azioni consigliate: - Ripassa i concetti base (10 minuti) e rifai le domande sbagliate spiegandole ad alta voce. - Usa una lista 'so / non so': è meglio dichiarare dubbio e poi studiare mirato. | H6: [Recupero (basi da consolidare) — Consapevolezza alta (calibrazione molto buona)] Anche se il punteggio è basso, la tua calibrazione è ottima: distingui bene ciò che sai da ciò che non sai. Ottimo punto di partenza per recuperare rapidamente. Azioni consigliate: - Ripassa i concetti base (10 minuti) e rifai le domande sbagliate spiegandole ad alta voce. - Usa una lista 'so / non so': è meglio dichiarare dubbio e poi studiare mirato. | I6: [Recupero (basi da consolidare) — Consapevolezza alta (calibrazione molto buona)] Anche se il punteggio è basso, la tua calibrazione è ottima: distingui bene ciò che sai da ciò che non sai. Ottimo punto di partenza per recuperare rapidamente. Azioni consigliate: - Ripassa i concetti base (10 minuti) e rifai le domande sbagliate spiegandole ad alta voce. - Usa una lista 'so / non so': è meglio dichiarare dubbio e poi studiare mirato.
A7: 3.5 | B7: 35 | C7: [Recupero (basi da consolidare) — Disorientamento + false certezze (priorità: ripasso guidato)] Base ancora fragile e sicurezza spesso fuori bersaglio: rischio di 'false certezze'. Riparti dai concetti fondamentali e, quando ti senti molto sicuro, chiediti: «so anche spiegare il perché?» Azioni consigliate: - Ripassa i concetti base (10 minuti) e rifai le domande sbagliate spiegandole ad alta voce. - Quando ti senti 'sicuro', fermati e verifica con un esempio: evita certezze senza prova. | D7: [Recupero (basi da consolidare) — Disorientamento + false certezze (priorità: ripasso guidato)] Base ancora fragile e sicurezza spesso fuori bersaglio: rischio di 'false certezze'. Riparti dai concetti fondamentali e, quando ti senti molto sicuro, chiediti: «so anche spiegare il perché?» Azioni consigliate: - Ripassa i concetti base (10 minuti) e rifai le domande sbagliate spiegandole ad alta voce. - Quando ti senti 'sicuro', fermati e verifica con un esempio: evita certezze senza prova. | E7: [Recupero (basi da consolidare) — Consapevolezza minima (prudenza / poca discriminazione)] Risultato ancora sotto la sufficienza, ma la prudenza è coerente: sai quando non sei sicuro. Buon segnale—ora serve consolidare i fondamentali con studio mirato. Azioni consigliate: - Ripassa i concetti base (10 minuti) e rifai le domande sbagliate spiegandole ad alta voce. - Usa una lista 'so / non so': è meglio dichiarare dubbio e poi studiare mirato. | F7: [Recupero (basi da consolidare) — Buona consapevolezza (discrimini abbastanza bene)] Conoscenza ancora debole, però stai stimando abbastanza bene la tua sicurezza: buona consapevolezza. Usa questo dato per studiare meglio: priorità agli errori più frequenti. Azioni consigliate: - Ripassa i concetti base (10 minuti) e rifai le domande sbagliate spiegandole ad alta voce. - Usa una lista 'so / non so': è meglio dichiarare dubbio e poi studiare mirato. | G7: [Recupero (basi da consolidare) — Buona consapevolezza (discrimini abbastanza bene)] Conoscenza ancora debole, però stai stimando abbastanza bene la tua sicurezza: buona consapevolezza. Usa questo dato per studiare meglio: priorità agli errori più frequenti. Azioni consigliate: - Ripassa i concetti base (10 minuti) e rifai le domande sbagliate spiegandole ad alta voce. - Usa una lista 'so / non so': è meglio dichiarare dubbio e poi studiare mirato. | H7: [Recupero (basi da consolidare) — Consapevolezza alta (calibrazione molto buona)] Anche se il punteggio è basso, la tua calibrazione è ottima: distingui bene ciò che sai da ciò che non sai. Ottimo punto di partenza per recuperare rapidamente. Azioni consigliate: - Ripassa i concetti base (10 minuti) e rifai le domande sbagliate spiegandole ad alta voce. - Usa una lista 'so / non so': è meglio dichiarare dubbio e poi studiare mirato. | I7: [Recupero (basi da consolidare) — Consapevolezza alta (calibrazione molto buona)] Anche se il punteggio è basso, la tua calibrazione è ottima: distingui bene ciò che sai da ciò che non sai. Ottimo punto di partenza per recuperare rapidamente. Azioni consigliate: - Ripassa i concetti base (10 minuti) e rifai le domande sbagliate spiegandole ad alta voce. - Usa una lista 'so / non so': è meglio dichiarare dubbio e poi studiare mirato.
A8: 4 | B8: 40 | C8: [Recupero (basi da consolidare) — Disorientamento + false certezze (priorità: ripasso guidato)] Base ancora fragile e sicurezza spesso fuori bersaglio: rischio di 'false certezze'. Riparti dai concetti fondamentali e, quando ti senti molto sicuro, chiediti: «so anche spiegare il perché?» Azioni consigliate: - Ripassa i concetti base (10 minuti) e rifai le domande sbagliate spiegandole ad alta voce. - Quando ti senti 'sicuro', fermati e verifica con un esempio: evita certezze senza prova. | D8: [Recupero (basi da consolidare) — Disorientamento + false certezze (priorità: ripasso guidato)] Base ancora fragile e sicurezza spesso fuori bersaglio: rischio di 'false certezze'. Riparti dai concetti fondamentali e, quando ti senti molto sicuro, chiediti: «so anche spiegare il perché?» Azioni consigliate: - Ripassa i concetti base (10 minuti) e rifai le domande sbagliate spiegandole ad alta voce. - Quando ti senti 'sicuro', fermati e verifica con un esempio: evita certezze senza prova. | E8: [Recupero (basi da consolidare) — Consapevolezza minima (prudenza / poca discriminazione)] Risultato ancora sotto la sufficienza, ma la prudenza è coerente: sai quando non sei sicuro. Buon segnale—ora serve consolidare i fondamentali con studio mirato. Azioni consigliate: - Ripassa i concetti base (10 minuti) e rifai le domande sbagliate spiegandole ad alta voce. - Usa una lista 'so / non so': è meglio dichiarare dubbio e poi studiare mirato. | F8: [Recupero (basi da consolidare) — Buona consapevolezza (discrimini abbastanza bene)] Conoscenza ancora debole, però stai stimando abbastanza bene la tua sicurezza: buona consapevolezza. Usa questo dato per studiare meglio: priorità agli errori più frequenti. Azioni consigliate: - Ripassa i concetti base (10 minuti) e rifai le domande sbagliate spiegandole ad alta voce. - Usa una lista 'so / non so': è meglio dichiarare dubbio e poi studiare mirato. | G8: [Recupero (basi da consolidare) — Buona consapevolezza (discrimini abbastanza bene)] Conoscenza ancora debole, però stai stimando abbastanza bene la tua sicurezza: buona consapevolezza. Usa questo dato per studiare meglio: priorità agli errori più frequenti. Azioni consigliate: - Ripassa i concetti base (10 minuti) e rifai le domande sbagliate spiegandole ad alta voce. - Usa una lista 'so / non so': è meglio dichiarare dubbio e poi studiare mirato. | H8: [Recupero (basi da consolidare) — Consapevolezza alta (calibrazione molto buona)] Anche se il punteggio è basso, la tua calibrazione è ottima: distingui bene ciò che sai da ciò che non sai. Ottimo punto di partenza per recuperare rapidamente. Azioni consigliate: - Ripassa i concetti base (10 minuti) e rifai le domande sbagliate spiegandole ad alta voce. - Usa una lista 'so / non so': è meglio dichiarare dubbio e poi studiare mirato. | I8: [Recupero (basi da consolidare) — Consapevolezza alta (calibrazione molto buona)] Anche se il punteggio è basso, la tua calibrazione è ottima: distingui bene ciò che sai da ciò che non sai. Ottimo punto di partenza per recuperare rapidamente. Azioni consigliate: - Ripassa i concetti base (10 minuti) e rifai le domande sbagliate spiegandole ad alta voce. - Usa una lista 'so / non so': è meglio dichiarare dubbio e poi studiare mirato.
A9: 4.5 | B9: 45 | C9: [Recupero (basi da consolidare) — Disorientamento + false certezze (priorità: ripasso guidato)] Base ancora fragile e sicurezza spesso fuori bersaglio: rischio di 'false certezze'. Riparti dai concetti fondamentali e, quando ti senti molto sicuro, chiediti: «so anche spiegare il perché?» Azioni consigliate: - Ripassa i concetti base (10 minuti) e rifai le domande sbagliate spiegandole ad alta voce. - Quando ti senti 'sicuro', fermati e verifica con un esempio: evita certezze senza prova. | D9: [Recupero (basi da consolidare) — Disorientamento + false certezze (priorità: ripasso guidato)] Base ancora fragile e sicurezza spesso fuori bersaglio: rischio di 'false certezze'. Riparti dai concetti fondamentali e, quando ti senti molto sicuro, chiediti: «so anche spiegare il perché?» Azioni consigliate: - Ripassa i concetti base (10 minuti) e rifai le domande sbagliate spiegandole ad alta voce. - Quando ti senti 'sicuro', fermati e verifica con un esempio: evita certezze senza prova. | E9: [Recupero (basi da consolidare) — Consapevolezza minima (prudenza / poca discriminazione)] Risultato ancora sotto la sufficienza, ma la prudenza è coerente: sai quando non sei sicuro. Buon segnale—ora serve consolidare i fondamentali con studio mirato. Azioni consigliate: - Ripassa i concetti base (10 minuti) e rifai le domande sbagliate spiegandole ad alta voce. - Usa una lista 'so / non so': è meglio dichiarare dubbio e poi studiare mirato. | F9: [Recupero (basi da consolidare) — Buona consapevolezza (discrimini abbastanza bene)] Conoscenza ancora debole, però stai stimando abbastanza bene la tua sicurezza: buona consapevolezza. Usa questo dato per studiare meglio: priorità agli errori più frequenti. Azioni consigliate: - Ripassa i concetti base (10 minuti) e rifai le domande sbagliate spiegandole ad alta voce. - Usa una lista 'so / non so': è meglio dichiarare dubbio e poi studiare mirato. | G9: [Recupero (basi da consolidare) — Buona consapevolezza (discrimini abbastanza bene)] Conoscenza ancora debole, però stai stimando abbastanza bene la tua sicurezza: buona consapevolezza. Usa questo dato per studiare meglio: priorità agli errori più frequenti. Azioni consigliate: - Ripassa i concetti base (10 minuti) e rifai le domande sbagliate spiegandole ad alta voce. - Usa una lista 'so / non so': è meglio dichiarare dubbio e poi studiare mirato. | H9: [Recupero (basi da consolidare) — Consapevolezza alta (calibrazione molto buona)] Anche se il punteggio è basso, la tua calibrazione è ottima: distingui bene ciò che sai da ciò che non sai. Ottimo punto di partenza per recuperare rapidamente. Azioni consigliate: - Ripassa i concetti base (10 minuti) e rifai le domande sbagliate spiegandole ad alta voce. - Usa una lista 'so / non so': è meglio dichiarare dubbio e poi studiare mirato. | I9: [Recupero (basi da consolidare) — Consapevolezza alta (calibrazione molto buona)] Anche se il punteggio è basso, la tua calibrazione è ottima: distingui bene ciò che sai da ciò che non sai. Ottimo punto di partenza per recuperare rapidamente. Azioni consigliate: - Ripassa i concetti base (10 minuti) e rifai le domande sbagliate spiegandole ad alta voce. - Usa una lista 'so / non so': è meglio dichiarare dubbio e poi studiare mirato.
A10: 5 | B10: 50 | C10: [Sufficiente (basi presenti, da stabilizzare) — Rischio di false certezze (sicurezza incoerente)] Sei al limite, ma la sicurezza non è coerente: alcune risposte sembrano 'spari' o convinzioni sbagliate. Rivedi soprattutto i punti dove eri molto sicuro e hai sbagliato. Azioni consigliate: - Rivedi le domande sbagliate in cui eri molto sicuro: riscrivi il ragionamento corretto (2-3 righe). - Fai 5 esercizi mirati sugli stessi concetti e, per ogni risposta, motiva il perché prima di scegliere la sicurezza. | D10: [Sufficiente (basi presenti, da stabilizzare) — Rischio di false certezze (sicurezza incoerente)] Sei al limite, ma la sicurezza non è coerente: alcune risposte sembrano 'spari' o convinzioni sbagliate. Rivedi soprattutto i punti dove eri molto sicuro e hai sbagliato. Azioni consigliate: - Rivedi le domande sbagliate in cui eri molto sicuro: riscrivi il ragionamento corretto (2-3 righe). - Fai 5 esercizi mirati sugli stessi concetti e, per ogni risposta, motiva il perché prima di scegliere la sicurezza. | E10: [Sufficiente (basi presenti, da stabilizzare) — Consapevolezza minima (prudenza / poca discriminazione)] Sufficiente, ma con sicurezza minima: spesso hai risposto giusto senza esserne convinto. Allenati a motivare le risposte: «come lo dimostro?» Azioni consigliate: - Per 3 risposte corrette a scelta, scrivi una mini-giustificazione: «perché è vera?» (massimo 2 righe). - Nel prossimo quiz, evita di mettere sempre la stessa sicurezza: prova a differenziare (almeno 2 livelli diversi). | F10: [Sufficiente (basi presenti, da stabilizzare) — Buona consapevolezza (discrimini abbastanza bene)] Sufficiente con buona consapevolezza: in generale distingui bene tra certezze e dubbi. Continua così e colma le lacune più mirate. Azioni consigliate: - Individua 2 argomenti dove eri incerto e costruisci una scheda: definizione + esempio + errore tipico. - Allenati con domande simili e controlla se la tua sicurezza cresce quando la spiegazione è chiara. | G10: [Sufficiente (basi presenti, da stabilizzare) — Buona consapevolezza (discrimini abbastanza bene)] Sufficiente con buona consapevolezza: in generale distingui bene tra certezze e dubbi. Continua così e colma le lacune più mirate. Azioni consigliate: - Individua 2 argomenti dove eri incerto e costruisci una scheda: definizione + esempio + errore tipico. - Allenati con domande simili e controlla se la tua sicurezza cresce quando la spiegazione è chiara. | H10: [Sufficiente (basi presenti, da stabilizzare) — Consapevolezza alta (calibrazione molto buona)] Sufficiente con calibrazione ottima: sai riconoscere bene quando sei affidabile. Il prossimo passo è allargare la base di conoscenza per salire di livello. Azioni consigliate: - Mantieni la strategia: prima ragionamento, poi scelta della sicurezza (non il contrario). - Prova esercizi di trasferimento (nuovi contesti): se resti calibrato anche lì, hai davvero consolidato. | I10: [Sufficiente (basi presenti, da stabilizzare) — Consapevolezza alta (calibrazione molto buona)] Sufficiente con calibrazione ottima: sai riconoscere bene quando sei affidabile. Il prossimo passo è allargare la base di conoscenza per salire di livello. Azioni consigliate: - Mantieni la strategia: prima ragionamento, poi scelta della sicurezza (non il contrario). - Prova esercizi di trasferimento (nuovi contesti): se resti calibrato anche lì, hai davvero consolidato.
A11: 5.5 | B11: 55 | C11: [Sufficiente (basi presenti, da stabilizzare) — Rischio di false certezze (sicurezza incoerente)] Sei al limite, ma la sicurezza non è coerente: alcune risposte sembrano 'spari' o convinzioni sbagliate. Rivedi soprattutto i punti dove eri molto sicuro e hai sbagliato. Azioni consigliate: - Rivedi le domande sbagliate in cui eri molto sicuro: riscrivi il ragionamento corretto (2-3 righe). - Fai 5 esercizi mirati sugli stessi concetti e, per ogni risposta, motiva il perché prima di scegliere la sicurezza. | D11: [Sufficiente (basi presenti, da stabilizzare) — Rischio di false certezze (sicurezza incoerente)] Sei al limite, ma la sicurezza non è coerente: alcune risposte sembrano 'spari' o convinzioni sbagliate. Rivedi soprattutto i punti dove eri molto sicuro e hai sbagliato. Azioni consigliate: - Rivedi le domande sbagliate in cui eri molto sicuro: riscrivi il ragionamento corretto (2-3 righe). - Fai 5 esercizi mirati sugli stessi concetti e, per ogni risposta, motiva il perché prima di scegliere la sicurezza. | E11: [Sufficiente (basi presenti, da stabilizzare) — Consapevolezza minima (prudenza / poca discriminazione)] Sufficiente, ma con sicurezza minima: spesso hai risposto giusto senza esserne convinto. Allenati a motivare le risposte: «come lo dimostro?» Azioni consigliate: - Per 3 risposte corrette a scelta, scrivi una mini-giustificazione: «perché è vera?» (massimo 2 righe). - Nel prossimo quiz, evita di mettere sempre la stessa sicurezza: prova a differenziare (almeno 2 livelli diversi). | F11: [Sufficiente (basi presenti, da stabilizzare) — Buona consapevolezza (discrimini abbastanza bene)] Sufficiente con buona consapevolezza: in generale distingui bene tra certezze e dubbi. Continua così e colma le lacune più mirate. Azioni consigliate: - Individua 2 argomenti dove eri incerto e costruisci una scheda: definizione + esempio + errore tipico. - Allenati con domande simili e controlla se la tua sicurezza cresce quando la spiegazione è chiara. | G11: [Sufficiente (basi presenti, da stabilizzare) — Buona consapevolezza (discrimini abbastanza bene)] Sufficiente con buona consapevolezza: in generale distingui bene tra certezze e dubbi. Continua così e colma le lacune più mirate. Azioni consigliate: - Individua 2 argomenti dove eri incerto e costruisci una scheda: definizione + esempio + errore tipico. - Allenati con domande simili e controlla se la tua sicurezza cresce quando la spiegazione è chiara. | H11: [Sufficiente (basi presenti, da stabilizzare) — Consapevolezza alta (calibrazione molto buona)] Sufficiente con calibrazione ottima: sai riconoscere bene quando sei affidabile. Il prossimo passo è allargare la base di conoscenza per salire di livello. Azioni consigliate: - Mantieni la strategia: prima ragionamento, poi scelta della sicurezza (non il contrario). - Prova esercizi di trasferimento (nuovi contesti): se resti calibrato anche lì, hai davvero consolidato. | I11: [Sufficiente (basi presenti, da stabilizzare) — Consapevolezza alta (calibrazione molto buona)] Sufficiente con calibrazione ottima: sai riconoscere bene quando sei affidabile. Il prossimo passo è allargare la base di conoscenza per salire di livello. Azioni consigliate: - Mantieni la strategia: prima ragionamento, poi scelta della sicurezza (non il contrario). - Prova esercizi di trasferimento (nuovi contesti): se resti calibrato anche lì, hai davvero consolidato.
A12: 6 | B12: 60 | C12: [Sufficiente (basi presenti, da stabilizzare) — Rischio di false certezze (sicurezza incoerente)] Sei al limite, ma la sicurezza non è coerente: alcune risposte sembrano 'spari' o convinzioni sbagliate. Rivedi soprattutto i punti dove eri molto sicuro e hai sbagliato. Azioni consigliate: - Rivedi le domande sbagliate in cui eri molto sicuro: riscrivi il ragionamento corretto (2-3 righe). - Fai 5 esercizi mirati sugli stessi concetti e, per ogni risposta, motiva il perché prima di scegliere la sicurezza. | D12: [Sufficiente (basi presenti, da stabilizzare) — Rischio di false certezze (sicurezza incoerente)] Sei al limite, ma la sicurezza non è coerente: alcune risposte sembrano 'spari' o convinzioni sbagliate. Rivedi soprattutto i punti dove eri molto sicuro e hai sbagliato. Azioni consigliate: - Rivedi le domande sbagliate in cui eri molto sicuro: riscrivi il ragionamento corretto (2-3 righe). - Fai 5 esercizi mirati sugli stessi concetti e, per ogni risposta, motiva il perché prima di scegliere la sicurezza. | E12: [Sufficiente (basi presenti, da stabilizzare) — Consapevolezza minima (prudenza / poca discriminazione)] Sufficiente, ma con sicurezza minima: spesso hai risposto giusto senza esserne convinto. Allenati a motivare le risposte: «come lo dimostro?» Azioni consigliate: - Per 3 risposte corrette a scelta, scrivi una mini-giustificazione: «perché è vera?» (massimo 2 righe). - Nel prossimo quiz, evita di mettere sempre la stessa sicurezza: prova a differenziare (almeno 2 livelli diversi). | F12: [Sufficiente (basi presenti, da stabilizzare) — Buona consapevolezza (discrimini abbastanza bene)] Sufficiente con buona consapevolezza: in generale distingui bene tra certezze e dubbi. Continua così e colma le lacune più mirate. Azioni consigliate: - Individua 2 argomenti dove eri incerto e costruisci una scheda: definizione + esempio + errore tipico. - Allenati con domande simili e controlla se la tua sicurezza cresce quando la spiegazione è chiara. | G12: [Sufficiente (basi presenti, da stabilizzare) — Buona consapevolezza (discrimini abbastanza bene)] Sufficiente con buona consapevolezza: in generale distingui bene tra certezze e dubbi. Continua così e colma le lacune più mirate. Azioni consigliate: - Individua 2 argomenti dove eri incerto e costruisci una scheda: definizione + esempio + errore tipico. - Allenati con domande simili e controlla se la tua sicurezza cresce quando la spiegazione è chiara. | H12: [Sufficiente (basi presenti, da stabilizzare) — Consapevolezza alta (calibrazione molto buona)] Sufficiente con calibrazione ottima: sai riconoscere bene quando sei affidabile. Il prossimo passo è allargare la base di conoscenza per salire di livello. Azioni consigliate: - Mantieni la strategia: prima ragionamento, poi scelta della sicurezza (non il contrario). - Prova esercizi di trasferimento (nuovi contesti): se resti calibrato anche lì, hai davvero consolidato. | I12: [Sufficiente (basi presenti, da stabilizzare) — Consapevolezza alta (calibrazione molto buona)] Sufficiente con calibrazione ottima: sai riconoscere bene quando sei affidabile. Il prossimo passo è allargare la base di conoscenza per salire di livello. Azioni consigliate: - Mantieni la strategia: prima ragionamento, poi scelta della sicurezza (non il contrario). - Prova esercizi di trasferimento (nuovi contesti): se resti calibrato anche lì, hai davvero consolidato.
A13: 6.5 | B13: 65 | C13: [Buono (competenza in crescita) — Possibili misconcezioni (errori con alta sicurezza)] Buon numero di risposte giuste, ma sicurezza spesso incoerente: possibile qualche misconcezione. Focalizzati sugli errori fatti con alta sicurezza e ricostruisci il ragionamento. Azioni consigliate: - Rivedi le domande sbagliate in cui eri molto sicuro: riscrivi il ragionamento corretto (2-3 righe). - Fai 5 esercizi mirati sugli stessi concetti e, per ogni risposta, motiva il perché prima di scegliere la sicurezza. | D13: [Buono (competenza in crescita) — Possibili misconcezioni (errori con alta sicurezza)] Buon numero di risposte giuste, ma sicurezza spesso incoerente: possibile qualche misconcezione. Focalizzati sugli errori fatti con alta sicurezza e ricostruisci il ragionamento. Azioni consigliate: - Rivedi le domande sbagliate in cui eri molto sicuro: riscrivi il ragionamento corretto (2-3 righe). - Fai 5 esercizi mirati sugli stessi concetti e, per ogni risposta, motiva il perché prima di scegliere la sicurezza. | E13: [Buono (competenza in crescita) — Consapevolezza minima (prudenza / poca discriminazione)] Buono, ma un po' ‘freno a mano’: molte risposte corrette con poca sicurezza. Possibile sottostima: prova a spiegarti ad alta voce perché la risposta è giusta. Azioni consigliate: - Per 3 risposte corrette a scelta, scrivi una mini-giustificazione: «perché è vera?» (massimo 2 righe). - Nel prossimo quiz, evita di mettere sempre la stessa sicurezza: prova a differenziare (almeno 2 livelli diversi). | F13: [Buono (competenza in crescita) — Buona consapevolezza (discrimini abbastanza bene)] Buon risultato e consapevolezza adeguata: quando eri sicuro, in genere avevi ragione. Usa il dubbio come strumento per migliorare, non come blocco. Azioni consigliate: - Individua 2 argomenti dove eri incerto e costruisci una scheda: definizione + esempio + errore tipico. - Allenati con domande simili e controlla se la tua sicurezza cresce quando la spiegazione è chiara. | G13: [Buono (competenza in crescita) — Buona consapevolezza (discrimini abbastanza bene)] Buon risultato e consapevolezza adeguata: quando eri sicuro, in genere avevi ragione. Usa il dubbio come strumento per migliorare, non come blocco. Azioni consigliate: - Individua 2 argomenti dove eri incerto e costruisci una scheda: definizione + esempio + errore tipico. - Allenati con domande simili e controlla se la tua sicurezza cresce quando la spiegazione è chiara. | H13: [Buono (competenza in crescita) — Consapevolezza alta (calibrazione molto buona)] Buon risultato con ottima consapevolezza: sai bene dove sei affidabile e dove no. Perfetto per uno studio mirato e per fare il salto verso l’eccellenza. Azioni consigliate: - Mantieni la strategia: prima ragionamento, poi scelta della sicurezza (non il contrario). - Prova esercizi di trasferimento (nuovi contesti): se resti calibrato anche lì, hai davvero consolidato. | I13: [Buono (competenza in crescita) — Consapevolezza alta (calibrazione molto buona)] Buon risultato con ottima consapevolezza: sai bene dove sei affidabile e dove no. Perfetto per uno studio mirato e per fare il salto verso l’eccellenza. Azioni consigliate: - Mantieni la strategia: prima ragionamento, poi scelta della sicurezza (non il contrario). - Prova esercizi di trasferimento (nuovi contesti): se resti calibrato anche lì, hai davvero consolidato.
... A20: 10 | B20: 100 | C20: [Ottimo/Eccellente (padronanza alta) — Possibili misconcezioni (errori con alta sicurezza)] Preparazione alta, ma sicurezza non sempre allineata: qualche ‘certezza sbagliata’ può farti inciampare. Controlla gli errori fatti con alta sicurezza e chiarisci i concetti. Azioni consigliate: - Rivedi le domande sbagliate in cui eri molto sicuro: riscrivi il ragionamento corretto (2-3 righe). - Fai 5 esercizi mirati sugli stessi concetti e, per ogni risposta, motiva il perché prima di scegliere la sicurezza. | D20: [Ottimo/Eccellente (padronanza alta) — Possibili misconcezioni (errori con alta sicurezza)] Preparazione alta, ma sicurezza non sempre allineata: qualche ‘certezza sbagliata’ può farti inciampare. Controlla gli errori fatti con alta sicurezza e chiarisci i concetti. Azioni consigliate: - Rivedi le domande sbagliate in cui eri molto sicuro: riscrivi il ragionamento corretto (2-3 righe). - Fai 5 esercizi mirati sugli stessi concetti e, per ogni risposta, motiva il perché prima di scegliere la sicurezza. | E20: [Ottimo/Eccellente (padronanza alta) — Prestazione alta con prudenza (possibile sottostima)] Risultato alto, ma molta prudenza: forse ti sottovaluti (o sei troppo severo con te stesso). Quando hai ragione, concediti un po’ di fiducia. Azioni consigliate: - Hai le conoscenze: prova a fidarti di più quando il ragionamento è solido (spiega a te stesso il perché). - Perfeziona con 3 esercizi più difficili o con nuovi esempi: l'obiettivo è restare calibrato. | F20: [Ottimo/Eccellente (padronanza alta) — Prestazione alta con prudenza (possibile sottostima)] Ottimo: alta accuratezza e buona calibrazione. Stai usando bene la sicurezza come indicatore di affidabilità delle tue risposte. Azioni consigliate: - Hai le conoscenze: prova a fidarti di più quando il ragionamento è solido (spiega a te stesso il perché). - Perfeziona con 3 esercizi più difficili o con nuovi esempi: l'obiettivo è restare calibrato. | G20: [Ottimo/Eccellente (padronanza alta) — Prestazione alta con prudenza (possibile sottostima)] Ottimo: alta accuratezza e buona calibrazione. Stai usando bene la sicurezza come indicatore di affidabilità delle tue risposte. Azioni consigliate: - Hai le conoscenze: prova a fidarti di più quando il ragionamento è solido (spiega a te stesso il perché). - Perfeziona con 3 esercizi più difficili o con nuovi esempi: l'obiettivo è restare calibrato. | H20: [Ottimo/Eccellente (padronanza alta) — Consapevolezza alta (calibrazione molto buona)] Eccellente: sei accurato e molto consapevole. Quando dici «sono sicuro», di solito puoi anche spiegare il perché: questo è l’obiettivo CBM. Azioni consigliate: - Sfida extra: spiega un concetto a un compagno (o in un audio di 1 minuto) senza guardare appunti. - Cerca 1 caso 'tranello' (errore tipico) e scrivi come riconoscerlo: diventi immune alle misconcezioni. | I20: [Ottimo/Eccellente (padronanza alta) — Consapevolezza alta (calibrazione molto buona)] Eccellente: sei accurato e molto consapevole. Quando dici «sono sicuro», di solito puoi anche spiegare il perché: questo è l’obiettivo CBM. Azioni consigliate: - Sfida extra: spiega un concetto a un compagno (o in un audio di 1 minuto) senza guardare appunti. - Cerca 1 caso 'tranello' (errore tipico) e scrivi come riconoscerlo: diventi immune alle misconcezioni.

Sheet Punti
A1: A_vote | B1: A_% | C1: Livello | D1: Codice | E1: CBM_%_rappresentativo | F1: Feedback | G1: Distanza | H1: Etichetta | I1: Azione 1 | J1: Azione 2
A2: 1 | B2: 10 | C2: Molto sotto spezzata | D2: VBL | E2: 3.4 | F2: Base ancora fragile e sicurezza spesso fuori bersaglio: rischio di 'false certezze'. Riparti dai concetti fondamentali e, quando ti senti molto sicuro, chiediti: «so anche spiegare il perché?» | G2: =SQRT(($Lookup.$B$4*(B2-$Lookup.$B$2))^2 + (E2-$Lookup.$B$3)^2) | H2: Recupero (basi da consolidare) — Disorientamento + false certezze (priorità: ripasso guidato) | I2: Ripassa i concetti base (10 minuti) e rifai le domande sbagliate spiegandole ad alta voce. | J2: Quando ti senti 'sicuro', fermati e verifica con un esempio: evita certezze senza prova.
A3: 1 | B3: 10 | C3: Sotto spezzata | D3: BL | E3: 6.7 | F3: Base ancora fragile e sicurezza spesso fuori bersaglio: rischio di 'false certezze'. Riparti dai concetti fondamentali e, quando ti senti molto sicuro, chiediti: «so anche spiegare il perché?» | G3: =SQRT(($Lookup.$B$4*(B3-$Lookup.$B$2))^2 + (E3-$Lookup.$B$3)^2) | H3: Recupero (basi da consolidare) — Disorientamento + false certezze (priorità: ripasso guidato) | I3: Ripassa i concetti base (10 minuti) e rifai le domande sbagliate spiegandole ad alta voce. | J3: Quando ti senti 'sicuro', fermati e verifica con un esempio: evita certezze senza prova.
A4: 1 | B4: 10 | C4: Sulla spezzata | D4: S | E4: 10 | F4: Risultato ancora sotto la sufficienza, ma la prudenza è coerente: sai quando non sei sicuro. Buon segnale—ora serve consolidare i fondamentali con studio mirato. | G4: =SQRT(($Lookup.$B$4*(B4-$Lookup.$B$2))^2 + (E4-$Lookup.$B$3)^2) | H4: Recupero (basi da consolidare) — Consapevolezza minima (prudenza / poca discriminazione) | I4: Ripassa i concetti base (10 minuti) e rifai le domande sbagliate spiegandole ad alta voce. | J4: Usa una lista 'so / non so': è meglio dichiarare dubbio e poi studiare mirato.
A5: 1 | B5: 10 | C5: Sopra spezzata | D5: AB | E5: 16.6 | F5: Conoscenza ancora debole, però stai stimando abbastanza bene la tua sicurezza: buona consapevolezza. Usa questo dato per studiare meglio: priorità agli errori più frequenti. | G5: =SQRT(($Lookup.$B$4*(B5-$Lookup.$B$2))^2 + (E5-$Lookup.$B$3)^2) | H5: Recupero (basi da consolidare) — Buona consapevolezza (discrimini abbastanza bene) | I5: Ripassa i concetti base (10 minuti) e rifai le domande sbagliate spiegandole ad alta voce. | J5: Usa una lista 'so / non so': è meglio dichiarare dubbio e poi studiare mirato.
A6: 1 | B6: 10 | C6: Molto sopra spezzata | D6: VAB | E6: 23.2 | F6: Conoscenza ancora debole, però stai stimando abbastanza bene la tua sicurezza: buona consapevolezza. Usa questo dato per studiare meglio: priorità agli errori più frequenti. | G6: =SQRT(($Lookup.$B$4*(B6-$Lookup.$B$2))^2 + (E6-$Lookup.$B$3)^2) | H6: Recupero (basi da consolidare) — Buona consapevolezza (discrimini abbastanza bene) | I6: Ripassa i concetti base (10 minuti) e rifai le domande sbagliate spiegandole ad alta voce. | J6: Usa una lista 'so / non so': è meglio dichiarare dubbio e poi studiare mirato.
A7: 1 | B7: 10 | C7: Quasi sulla retta | D7: NI | E7: 28 | F7: Anche se il punteggio è basso, la tua calibrazione è ottima: distingui bene ciò che sai da ciò che non sai. Ottimo punto di partenza per recuperare rapidamente. | G7: =SQRT(($Lookup.$B$4*(B7-$Lookup.$B$2))^2 + (E7-$Lookup.$B$3)^2) | H7: Recupero (basi da consolidare) — Consapevolezza alta (calibrazione molto buona) | I7: Ripassa i concetti base (10 minuti) e rifai le domande sbagliate spiegandole ad alta voce. | J7: Usa una lista 'so / non so': è meglio dichiarare dubbio e poi studiare mirato.
A8: 1 | B8: 10 | C8: Sulla retta (ideale) | D8: I | E8: 30 | F8: Anche se il punteggio è basso, la tua calibrazione è ottima: distingui bene ciò che sai da ciò che non sai. Ottimo punto di partenza per recuperare rapidamente. | G8: =SQRT(($Lookup.$B$4*(B8-$Lookup.$B$2))^2 + (E8-$Lookup.$B$3)^2) | H8: Recupero (basi da consolidare) — Consapevolezza alta (calibrazione molto buona) | I8: Ripassa i concetti base (10 minuti) e rifai le domande sbagliate spiegandole ad alta voce. | J8: Usa una lista 'so / non so': è meglio dichiarare dubbio e poi studiare mirato.
A9: 1.5 | B9: 15 | C9: Molto sotto spezzata | D9: VBL | E9: 5.1 | F9: Base ancora fragile e sicurezza spesso fuori bersaglio: rischio di 'false certezze'. Riparti dai concetti fondamentali e, quando ti senti molto sicuro, chiediti: «so anche spiegare il perché?» | G9: =SQRT(($Lookup.$B$4*(B9-$Lookup.$B$2))^2 + (E9-$Lookup.$B$3)^2) | H9: Recupero (basi da consolidare) — Disorientamento + false certezze (priorità: ripasso guidato) | I9: Ripassa i concetti base (10 minuti) e rifai le domande sbagliate spiegandole ad alta voce. | J9: Quando ti senti 'sicuro', fermati e verifica con un esempio: evita certezze senza prova.
A10: 1.5 | B10: 15 | C10: Sotto spezzata | D10: BL | E10: 10.05 | F10: Base ancora fragile e sicurezza spesso fuori bersaglio: rischio di 'false certezze'. Riparti dai concetti fondamentali e, quando ti senti molto sicuro, chiediti: «so anche spiegare il perché?» | G10: =SQRT(($Lookup.$B$4*(B10-$Lookup.$B$2))^2 + (E10-$Lookup.$B$3)^2) | H10: Recupero (basi da consolidare) — Disorientamento + false certezze (priorità: ripasso guidato) | I10: Ripassa i concetti base (10 minuti) e rifai le domande sbagliate spiegandole ad alta voce. | J10: Quando ti senti 'sicuro', fermati e verifica con un esempio: evita certezze senza prova.
A11: 1.5 | B11: 15 | C11: Sulla spezzata | D11: S | E11: 15 | F11: Risultato ancora sotto la sufficienza, ma la prudenza è coerente: sai quando non sei sicuro. Buon segnale—ora serve consolidare i fondamentali con studio mirato. | G11: =SQRT(($Lookup.$B$4*(B11-$Lookup.$B$2))^2 + (E11-$Lookup.$B$3)^2) | H11: Recupero (basi da consolidare) — Consapevolezza minima (prudenza / poca discriminazione) | I11: Ripassa i concetti base (10 minuti) e rifai le domande sbagliate spiegandole ad alta voce. | J11: Usa una lista 'so / non so': è meglio dichiarare dubbio e poi studiare mirato.
A12: 1.5 | B12: 15 | C12: Sopra spezzata | D12: AB | E12: 24.9 | F12: Conoscenza ancora debole, però stai stimando abbastanza bene la tua sicurezza: buona consapevolezza. Usa questo dato per studiare meglio: priorità agli errori più frequenti. | G12: =SQRT(($Lookup.$B$4*(B12-$Lookup.$B$2))^2 + (E12-$Lookup.$B$3)^2) | H12: Recupero (basi da consolidare) — Buona consapevolezza (discrimini abbastanza bene) | I12: Ripassa i concetti base (10 minuti) e rifai le domande sbagliate spiegandole ad alta voce. | J12: Usa una lista 'so / non so': è meglio dichiarare dubbio e poi studiare mirato.
A13: 1.5 | B13: 15 | C13: Molto sopra spezzata | D13: VAB | E13: 34.8 | F13: Conoscenza ancora debole, però stai stimando abbastanza bene la tua sicurezza: buona consapevolezza. Usa questo dato per studiare meglio: priorità agli errori più frequenti. | G13: =SQRT(($Lookup.$B$4*(B13-$Lookup.$B$2))^2 + (E13-$Lookup.$B$3)^2) | H13: Recupero (basi da consolidare) — Buona consapevolezza (discrimini abbastanza bene) | I13: Ripassa i concetti base (10 minuti) e rifai le domande sbagliate spiegandole ad alta voce. | J13: Usa una lista 'so / non so': è meglio dichiarare dubbio e poi studiare mirato.
... A134: 10 | B134: 100 | C134: Sulla retta (ideale) | D134: I | E134: 300 | F134: Eccellente: sei accurato e molto consapevole. Quando dici «sono sicuro», di solito puoi anche spiegare il perché: questo è l’obiettivo CBM. | G134: =SQRT(($Lookup.$B$4*(B134-$Lookup.$B$2))^2 + (E134-$Lookup.$B$3)^2) | H134: Ottimo/Eccellente (padronanza alta) — Consapevolezza alta (calibrazione molto buona) | I134: Sfida extra: spiega un concetto a un compagno (o in un audio di 1 minuto) senza guardare appunti. | J134: Cerca 1 caso 'tranello' (errore tipico) e scrivi come riconoscerlo: diventi immune alle misconcezioni.

Sheet Lookup
A1: Inserisci i dati dello studente
A3: Voto accuratezza (decimi) | B3: 7
A4: CBM% (0–300) | B4: 150
A5: Peso accuratezza (wA) | B5: 3
A7: Risultato (punto più vicino nella mappa)
A8: Voto accuratezza più vicino | B8: =INDEX(Punti!A:A, MATCH(MIN(Punti!G:G), Punti!G:G, 0))
A9: Livello CBM più vicino | B9: =INDEX(Punti!C:C, MATCH(MIN(Punti!G:G), Punti!G:G, 0))
A10: CBM% rappresentativo (mappa) | B10: =INDEX(Punti!E:E, MATCH(MIN(Punti!G:G), Punti!G:G, 0))
A11: Etichetta | B11: =INDEX(Punti!H:H, MATCH(MIN(Punti!G:G), Punti!G:G, 0))
A12: Azione 1 | B12: =INDEX(Punti!I:I, MATCH(MIN(Punti!G:G), Punti!G:G, 0))
A13: Azione 2 | B13: =INDEX(Punti!J:J, MATCH(MIN(Punti!G:G), Punti!G:G, 0))
A15: Feedback suggerito | B15: =INDEX(Punti!F:F, MATCH(MIN(Punti!G:G), Punti!G:G, 0))
A17: Nota: | B17: La mappa usa 7 'tagli' CBM relativi alla spezzata minima e alla retta ideale: 2 livelli sotto, 1 sulla spezzata, 2 sopra, 1 quasi-retta e 1 sulla retta. Il punto più vicino è calcolato con una distanza pesata (wA).

Sheet Legenda
A1: Legenda rapida
A3: Assi e significato
A4: Accuratezza (decimi) | B4: Voto basato solo sulle risposte corrette (es: 7 = 70%).
A5: CBM% (0–300) | B5: Indice di coerenza tra sicurezza dichiarata e correttezza: più è alto e più la sicurezza è 'calibrata'.
A7: Come usare il file
A8: 1) Vai in 'Lookup' e inserisci Voto accuratezza e CBM% dello studente.
A9: 2) Leggi il feedback proposto (punto più vicino nella mappa).
A10: 3) Se vuoi più 'peso' alla precisione dell'accuratezza, aumenta wA.
A12: Suggerimento | B12: Se CBM risulta sotto la spezzata, spesso indica incoerenza (es. errori con alta sicurezza o risposte casuali).
A14: Novità | B14: Ogni punto della mappa ora ha: Etichetta sintetica + Feedback + 2 azioni consigliate per migliorare.
